TEAM_ID,MISSION_TIME,PACKET_CNT,ALTITUDE,PRESSURE,TEMP,VOLTAGE,GPSTIME,GPSLAT,GPSLONG,GPSALT,GPSSAT,TILTX,TILTY,TILTZ,SOFTWARE_STATE
1138,16:19:43,1,1.0,99.2,25.1,6.2,201942,43.782497,-79.466461,172.9,8.0,0.13,0.01,0.02,1
1138,16:22:25,2,1.0,99.2,24.4,7.9,0,0.0,0.0,0.0,0.0,-0.07,0.01,0.02,1
1138,16:35:44,3,1.0,99.2,26.2,7.7,0,0.0,0.0,0.0,0.0,12.84,0.54,2.28,1
1138,16:37:37,4,1.0,99.2,25.9,7.3,203735,43.7826,-79.4664,190.8,9.0,6.08,0.62,3.05,1
1138,16:38:01,5,1.0,99.2,25.7,7.3,0,0.0,0.0,0.0,0.0,2.37,0.07,0.54,1
1138,16:39:25,6,-1.0,99.2,25.5,7.2,203800,43.782577,-79.466423,188.3,9.0,-125.93,-4.2,-23.51,1
1138,16:40:25,7,0.0,99.2,25.3,7.0,204024,43.782711,-79.466384,203.1,9.0,-2.33,-0.18,-0.44,1
1138,16:40:51,8,1.0,99.2,25.3,7.0,204050,43.782691,-79.466392,196.1,10.0,-10.01,-0.75,-1.92,1
1138,16:41:00,9,1.0,99.2,25.3,7.0,204059,43.782691,-79.466377,197.7,9.0,1.11,0.01,0.32,1
