TEAM_ID,MISSION_TIME,PACKET_CNT,ALTITUDE,PRESSURE,TEMP,VOLTAGE,GPSTIME,GPSLAT,GPSLONG,GPSALT,GPSSAT,TILTX,TILTY,TILTZ,SOFTWARE_STATE
1138,11:06:37,1,0.3,98.8,23.1,6.2,150633,43.782669,-79.466346,208.0,5.0,36.16,2.32,0.61,1
1138,11:07:52,2,0.7,98.8,23.4,6.2,0,0.0,0.0,0.0,0.0,0.04,-0.13,0.07,1
1138,11:08:52,3,0.2,98.8,23.4,6.2,0,0.0,0.0,0.0,0.0,0.03,0.04,-0.05,1
1138,11:11:04,4,nan,nan,nan,6.2,0,0.0,0.0,0.0,0.0,0.53,0.14,-4.76,1
