TEAM_ID,MISSION_TIME,PACKET_CNT,ALTITUDE,PRESSURE,TEMP,VOLTAGE,GPSTIME,GPSLAT,GPSLONG,GPSALT,GPSSAT,TILTX,TILTY,TILTZ,SOFTWARE_STATE
1138,21:25:24,1,505.1,101.8,5.7,7.8,26954,39.501598,72.698997,663.8,8.0,-73.2,28.8,146.5,6
1138,21:25:25,2,629.0,102.5,34.6,8.1,31022,93.664802,70.5904,166.2,3.0,-61.5,-134.9,-46.3,7
1138,21:25:26,3,309.6,102.0,26.8,8.4,7321,70.3124,94.757301,366.0,8.0,93.9,-113.1,-60.6,3
1138,21:25:27,4,266.8,99.1,2.4,4.0,11448,47.0065,49.9062,55.4,8.0,-37.3,96.1,-62.3,2
1138,21:25:28,5,238.8,101.3,1.7,5.0,-15872,36.468101,81.615997,195.0,5.0,172.9,64.5,-160.9,3
1138,21:25:30,6,147.4,101.4,1.7,5.1,25687,59.399101,71.552497,196.7,5.0,-152.0,-72.4,-167.3,5
1138,21:25:31,7,112.5,100.3,30.0,3.2,23574,34.585098,93.036903,50.0,4.0,48.7,-104.3,139.5,5
1138,21:25:32,8,196.7,99.3,38.3,4.3,-7446,93.081001,67.262199,613.7,8.0,99.5,-172.5,-25.4,7
1138,21:25:33,9,171.1,102.4,48.2,6.1,-9189,60.4594,98.413902,491.7,0.0,131.8,61.2,-65.7,2
